"","row.id","col.id"
"1",1,4
"2",1,35
"3",1,49
"4",1,83
"5",1,88
"6",1,89
"7",1,100
"8",1,117
"9",1,127
"10",1,129
"11",1,136
"12",1,138
"13",1,146
"14",1,148
"15",1,151
"16",1,156
"17",1,167
"18",1,181
"19",1,184
"20",1,190
"21",1,196
"22",1,203
"23",1,231
"24",1,243
"25",1,250
"26",1,260
"27",1,269
"28",1,271
"29",1,277
"30",1,316
"31",1,325
"32",1,331
"33",1,332
"34",1,354
"35",1,361
"36",1,366
"37",1,373
"38",1,375
"39",1,379
"40",1,382
"41",1,387
"42",1,395
"43",1,404
"44",2,3
"45",2,6
"46",2,8
"47",2,69
"48",2,104
"49",2,108
"50",2,114
"51",2,162
"52",2,188
"53",2,202
"54",2,212
"55",2,238
"56",2,244
"57",2,256
"58",2,261
"59",2,304
"60",2,306
"61",2,356
"62",2,358
"63",2,362
"64",2,380
"65",2,384
"66",2,405
"67",2,419
"68",2,421
"69",2,425
"70",3,183
"71",3,282
"72",3,303
"73",3,402
